{"cameraMode":{"drawMode":0,"name":"Shaded","section":"Shading Mode"},"sceneLighting":true,"audioPlay":false,"sceneViewState":{"m_AlwaysRefresh":false,"showFog":true,"showSkybox":true,"showFlares":true,"showImageEffects":true,"showParticleSystems":true,"showVisualEffectGraphs":true,"m_FxEnabled":true},"in2DMode":false,"pivot":{"x":16.062007904052736,"y":11.644512176513672,"z":-9.760169982910157},"rotation":{"x":-0.13389524817466737,"y":0.3461816906929016,"z":-0.05001464858651161,"w":-0.9273072481155396},"size":0.8660253882408142,"orthographic":false}